[
  {
    "FullName": "Oren Perlman",
    "BoughtCars": 1,
    "SpentMoney": 0.0
  },
  {
    "FullName": "Francis Mckim",
    "BoughtCars": 1,
    "SpentMoney": 0.0
  },
  {
    "FullName": "Audrea Cardinal",
    "BoughtCars": 1,
    "SpentMoney": 0.0
  },
  {
    "FullName": "Sylvie Mcelravy",
    "BoughtCars": 2,
    "SpentMoney": 0.0
  },
  {
    "FullName": "Jimmy Grossi",
    "BoughtCars": 2,
    "SpentMoney": 0.0
  },
  {
    "FullName": "Faustina Burgher",
    "BoughtCars": 2,
    "SpentMoney": 0.0
  },
  {
    "FullName": "Yvonne Mccalla",
    "BoughtCars": 2,
    "SpentMoney": 0.0
  },
  {
    "FullName": "Taina Achenbach",
    "BoughtCars": 2,
    "SpentMoney": 0.0
  },
  {
    "FullName": "Carri Knapik",
    "BoughtCars": 2,
    "SpentMoney": 0.0
  },
  {
    "FullName": "Carole Witman",
    "BoughtCars": 2,
    "SpentMoney": 0.0
  },
  {
    "FullName": "Hai Everton",
    "BoughtCars": 2,
    "SpentMoney": 0.0
  },
  {
    "FullName": "Ann Mcenaney",
    "BoughtCars": 2,
    "SpentMoney": 0.0
  },
  {
    "FullName": "Donnetta Soliz",
    "BoughtCars": 3,
    "SpentMoney": 0.0
  },
  {
    "FullName": "Garret Capron",
    "BoughtCars": 3,
    "SpentMoney": 0.0
  },
  {
    "FullName": "Cinthia Lasala",
    "BoughtCars": 3,
    "SpentMoney": 0.0
  },
  {
    "FullName": "Nisha Markwell",
    "BoughtCars": 3,
    "SpentMoney": 0.0
  },
  {
    "FullName": "Kristian Engberg",
    "BoughtCars": 3,
    "SpentMoney": 0.0
  },
  {
    "FullName": "Teddy Hobby",
    "BoughtCars": 3,
    "SpentMoney": 0.0
  },
  {
    "FullName": "Lino Subia",
    "BoughtCars": 3,
    "SpentMoney": 0.0
  },
  {
    "FullName": "Marcelle Griego",
    "BoughtCars": 3,
    "SpentMoney": 0.0
  },
  {
    "FullName": "Natalie Poli",
    "BoughtCars": 3,
    "SpentMoney": 0.0
  },
  {
    "FullName": "Louann Holzworth",
    "BoughtCars": 3,
    "SpentMoney": 0.0
  },
  {
    "FullName": "Hipolito Lamoreaux",
    "BoughtCars": 4,
    "SpentMoney": 0.0
  },
  {
    "FullName": "Rema Revelle",
    "BoughtCars": 4,
    "SpentMoney": 0.0
  },
  {
    "FullName": "Brett Brickley",
    "BoughtCars": 4,
    "SpentMoney": 0.0
  },
  {
    "FullName": "Rico Peer",
    "BoughtCars": 4,
    "SpentMoney": 0.0
  },
  {
    "FullName": "Emmitt Benally",
    "BoughtCars": 5,
    "SpentMoney": 0.0
  },
  {
    "FullName": "Daniele Zarate",
    "BoughtCars": 5,
    "SpentMoney": 0.0
  },
  {
    "FullName": "Johnette Derryberry",
    "BoughtCars": 5,
    "SpentMoney": 0.0
  },
  {
    "FullName": "Zada Attwood",
    "BoughtCars": 6,
    "SpentMoney": 0.0
  }
]