[
  {
    "Name": "Louann Holzworth",
    "BirthDate": "1960-10-01T00:00:00",
    "IsYoungerDriver": false
  },
  {
    "Name": "Donnetta Soliz",
    "BirthDate": "1963-10-01T00:00:00",
    "IsYoungerDriver": true
  },
  {
    "Name": "Rema Revelle",
    "BirthDate": "1970-05-01T00:00:00",
    "IsYoungerDriver": true
  },
  {
    "Name": "Carri Knapik",
    "BirthDate": "1972-02-02T00:00:00",
    "IsYoungerDriver": true
  },
  {
    "Name": "Garret Capron",
    "BirthDate": "1975-07-01T00:00:00",
    "IsYoungerDriver": false
  },
  {
    "Name": "Teddy Hobby",
    "BirthDate": "1975-10-01T00:00:00",
    "IsYoungerDriver": true
  },
  {
    "Name": "Audrea Cardinal",
    "BirthDate": "1976-10-01T00:00:00",
    "IsYoungerDriver": false
  },
  {
    "Name": "Francis Mckim",
    "BirthDate": "1977-10-01T00:00:00",
    "IsYoungerDriver": true
  },
  {
    "Name": "Brett Brickley",
    "BirthDate": "1980-10-01T00:00:00",
    "IsYoungerDriver": true
  },
  {
    "Name": "Kristian Engberg",
    "BirthDate": "1981-10-03T00:00:00",
    "IsYoungerDriver": false
  },
  {
    "Name": "Hipolito Lamoreaux",
    "BirthDate": "1982-08-01T00:00:00",
    "IsYoungerDriver": true
  },
  {
    "Name": "Zada Attwood",
    "BirthDate": "1982-10-01T00:00:00",
    "IsYoungerDriver": true
  },
  {
    "Name": "Sylvie Mcelravy",
    "BirthDate": "1983-10-01T00:00:00",
    "IsYoungerDriver": false
  },
  {
    "Name": "Rico Peer",
    "BirthDate": "1984-10-01T00:00:00",
    "IsYoungerDriver": true
  },
  {
    "Name": "Hai Everton",
    "BirthDate": "1985-10-01T00:00:00",
    "IsYoungerDriver": true
  },
  {
    "Name": "Lino Subia",
    "BirthDate": "1985-12-21T00:00:00",
    "IsYoungerDriver": false
  },
  {
    "Name": "Jimmy Grossi",
    "BirthDate": "1986-07-01T00:00:00",
    "IsYoungerDriver": true
  },
  {
    "Name": "Carole Witman",
    "BirthDate": "1987-10-01T00:00:00",
    "IsYoungerDriver": false
  },
  {
    "Name": "Oren Perlman",
    "BirthDate": "1988-10-01T00:00:00",
    "IsYoungerDriver": true
  },
  {
    "Name": "Natalie Poli",
    "BirthDate": "1990-10-04T00:00:00",
    "IsYoungerDriver": false
  },
  {
    "Name": "Marcelle Griego",
    "BirthDate": "1990-10-04T00:00:00",
    "IsYoungerDriver": true
  },
  {
    "Name": "Ann Mcenaney",
    "BirthDate": "1992-03-02T00:00:00",
    "IsYoungerDriver": true
  },
  {
    "Name": "Yvonne Mccalla",
    "BirthDate": "1992-03-02T00:00:00",
    "IsYoungerDriver": true
  },
  {
    "Name": "Cinthia Lasala",
    "BirthDate": "1992-11-01T00:00:00",
    "IsYoungerDriver": true
  },
  {
    "Name": "Emmitt Benally",
    "BirthDate": "1993-11-20T00:00:00",
    "IsYoungerDriver": true
  },
  {
    "Name": "Nisha Markwell",
    "BirthDate": "1994-04-04T00:00:00",
    "IsYoungerDriver": false
  },
  {
    "Name": "Faustina Burgher",
    "BirthDate": "1994-06-01T00:00:00",
    "IsYoungerDriver": false
  },
  {
    "Name": "Taina Achenbach",
    "BirthDate": "1994-10-01T00:00:00",
    "IsYoungerDriver": false
  },
  {
    "Name": "Johnette Derryberry",
    "BirthDate": "1995-10-01T00:00:00",
    "IsYoungerDriver": true
  },
  {
    "Name": "Daniele Zarate",
    "BirthDate": "1995-10-05T00:00:00",
    "IsYoungerDriver": false
  }
]